{
    "7990799592": {
        "expires": 1776521563.4750798,
        "purchased_at": 1773929563.4751127,
        "last_daily_bonus": ""
    },
    "8413010389": {
        "expires": 1776660241.1397269,
        "purchased_at": 1774068241.1397338,
        "last_daily_bonus": ""
    }
}
